<?xml version="1.0" encoding="UTF-8"?>
<ValidationRule xmlns="http://soap.sforce.com/2006/04/metadata">
    <fullName>Must_Need_to_Select_Location_If_not_Virt</fullName>
    <active>true</active>
    <errorConditionFormula>AND(
   TEXT (  Event_Type__c  ) = &apos;Virtual&apos;,
   NOT ISBLANK (  Location__c )
)</errorConditionFormula>
    <errorDisplayField>Location__c</errorDisplayField>
    <errorMessage>You can not Select the Location if the Event is Virtual</errorMessage>
</ValidationRule>
